{"schemaVersion":"1.0","appDefinitionTemplate":{"id":"/providers/Microsoft.PowerApps/apps/","type":"Microsoft.PowerApps/apps","tags":{"primaryDeviceWidth":"1366","primaryDeviceHeight":"768","sienaVersion":"20200708T213636Z-3.20065.12.0","deviceCapabilities":"","supportsPortrait":"false","supportsLandscape":"true","primaryFormFactor":"Tablet","publisherVersion":"3.20065.12","minimumRequiredApiVersion":"2.2.0","hasComponent":"true","hasUnlockedComponent":"true","isUnifiedRootApp":"false"},"properties":{"appVersion":"2020-07-08T21:36:36Z","lifeCycleId":"Published","createdByClientVersion":{"major":3,"minor":20065,"build":12,"revision":0,"majorRevision":0,"minorRevision":0},"minClientVersion":{"major":3,"minor":20065,"build":12,"revision":0,"majorRevision":0,"minorRevision":0},"backgroundColor":"rgba(104, 101, 171, 1)","backgroundImageUri":"/16400840446559016504/N6f8413ee-7332-4e89-afa2-43ea535de788-logoSmallFile","displayName":"Champions Badge Overlay","description":"Update your Office365 profile picture with the Collaboration Champions badge","commitMessage":"","appUris":{"documentUri":{"value":"/16400840446559016504/Nca477fa6-aef7-41b4-b8c0-bcd65524fe05-document.msapp","readonlyValue":"/16400840446559016504/Nca477fa6-aef7-41b4-b8c0-bcd65524fe05-document.msapp"},"imageUris":[]},"createdTime":"0001-01-01T00:00:00Z","lastModifiedTime":"0001-01-01T00:00:00Z","sharedGroupsCount":0,"sharedUsersCount":0,"icons":{"smallIconUri":"/16400840446559016504/Nc318e038-cd20-4193-86fc-03a622d3abac-small.png","mediumIconUri":"/16400840446559016504/N3bb294ea-53f5-4ee4-9fa1-a8a6fe317c58-medium.png","largeIconUri":"/16400840446559016504/Na95ff71e-11ca-4cb2-9f74-eb7d51baba85-large.png","wideIconUri":"/16400840446559016504/N520ec777-0d41-4594-8fd9-5cb1810a1bde-wide.png"},"connectionReferences":{"00b7721e-828a-40f8-b4ab-4d9ac2f91157":{"id":"0f128de1-f477-4265-a4a7-4f753111013f","displayName":"Office 365 Users","iconUri":"https://connectoricons-prod.azureedge.net/office365users/icon_1.0.1357.2029.png","dataSources":["Office365Users"],"dependencies":[],"dependents":[],"parameterHints":{},"isOnPremiseConnection":false,"bypassConsent":false,"dataSets":{},"apiTier":"Standard","isCustomApiConnection":false}},"databaseReferences":{},"almMode":"Environment","performanceOptimizationEnabled":true,"canConsumeAppPass":true},"isAppComponentLibrary":false,"appType":"ClassicCanvasApp","appComponents":[]}}